source,frame_index,source_seconds,wall_timestamp,chosen_identity,runtime_identity,confidence,orange_evidence,goblin_evidence,torso_core_white_ratio,torso_core_black_blob_count,goblin_support_frame,contamination_downgraded
C:\Users\PC\Desktop\Projects\tapo-orange\captures\clips\2026-04-17-orange-miss-compilation.mp4,2,0.367,2026-04-18 03:03:19,orange,unknown,0.7891,0.0000,1.0000,0.0410,1,0,0
C:\Users\PC\Desktop\Projects\tapo-orange\captures\clips\2026-04-17-orange-miss-compilation.mp4,3,0.567,2026-04-18 03:03:20,orange,white_black_dotted,0.8236,0.0000,1.0000,0.0364,1,0,0
C:\Users\PC\Desktop\Projects\tapo-orange\captures\clips\2026-04-17-orange-miss-compilation.mp4,4,0.767,2026-04-18 03:03:20,orange,white_black_dotted,0.8197,0.0000,1.0000,0.0366,1,0,0
C:\Users\PC\Desktop\Projects\tapo-orange\captures\clips\2026-04-17-orange-miss-compilation.mp4,5,0.967,2026-04-18 03:03:20,orange,white_black_dotted,0.8844,0.0000,1.0000,0.0344,1,0,0
C:\Users\PC\Desktop\Projects\tapo-orange\captures\clips\2026-04-17-orange-miss-compilation.mp4,6,1.167,2026-04-18 03:03:20,orange,white_black_dotted,0.9182,0.0000,1.0000,0.0342,1,0,0
C:\Users\PC\Desktop\Projects\tapo-orange\captures\clips\2026-04-17-orange-miss-compilation.mp4,7,1.367,2026-04-18 03:03:20,orange,white_black_dotted,0.9282,0.0000,1.0000,0.0339,1,0,0
C:\Users\PC\Desktop\Projects\tapo-orange\captures\clips\2026-04-17-orange-miss-compilation.mp4,8,1.567,2026-04-18 03:03:20,orange,white_black_dotted,0.9052,0.0000,1.0000,0.0323,1,0,0
C:\Users\PC\Desktop\Projects\tapo-orange\captures\clips\2026-04-17-orange-miss-compilation.mp4,9,1.767,2026-04-18 03:03:20,orange,white_black_dotted,0.8902,0.0000,1.0000,0.0335,1,0,0
C:\Users\PC\Desktop\Projects\tapo-orange\captures\clips\2026-04-17-orange-miss-compilation.mp4,10,1.967,2026-04-18 03:03:20,orange,white_black_dotted,0.9432,0.0000,1.0000,0.0220,1,0,0
C:\Users\PC\Desktop\Projects\tapo-orange\captures\clips\2026-04-17-orange-miss-compilation.mp4,11,2.167,2026-04-18 03:03:20,orange,white_black_dotted,0.9339,0.0000,1.0000,0.0166,1,0,0
C:\Users\PC\Desktop\Projects\tapo-orange\captures\clips\2026-04-17-orange-miss-compilation.mp4,13,2.567,2026-04-18 03:03:20,orange,white_black_dotted,0.9469,0.0000,1.0000,0.0131,1,0,0
C:\Users\PC\Desktop\Projects\tapo-orange\captures\clips\2026-04-17-orange-miss-compilation.mp4,14,2.767,2026-04-18 03:03:20,orange,white_black_dotted,0.8835,0.0000,1.0000,0.0065,1,0,0
C:\Users\PC\Desktop\Projects\tapo-orange\captures\clips\2026-04-17-orange-miss-compilation.mp4,15,2.967,2026-04-18 03:03:21,orange,white_black_dotted,0.9028,0.0000,1.0000,0.0101,1,0,0
C:\Users\PC\Desktop\Projects\tapo-orange\captures\clips\2026-04-17-orange-miss-compilation.mp4,18,3.567,2026-04-18 03:03:21,orange,white_black_dotted,0.9229,0.0000,1.0000,0.0050,1,0,0
C:\Users\PC\Desktop\Projects\tapo-orange\captures\clips\2026-04-17-orange-miss-compilation.mp4,19,3.767,2026-04-18 03:03:21,orange,white_black_dotted,0.9188,0.0000,1.0000,0.0067,1,0,0
C:\Users\PC\Desktop\Projects\tapo-orange\captures\clips\2026-04-17-orange-miss-compilation.mp4,20,3.967,2026-04-18 03:03:21,orange,white_black_dotted,0.8956,0.0000,1.0000,0.0296,1,0,0
C:\Users\PC\Desktop\Projects\tapo-orange\captures\clips\2026-04-17-orange-miss-compilation.mp4,23,4.567,2026-04-18 03:03:21,unknown,white_black_dotted,0.2305,0.0000,1.0000,0.0505,2,0,0
C:\Users\PC\Desktop\Projects\tapo-orange\captures\clips\2026-04-17-orange-miss-compilation.mp4,26,5.167,2026-04-18 03:03:21,orange,white_black_dotted,0.9469,0.0000,1.0000,0.0401,1,0,0
C:\Users\PC\Desktop\Projects\tapo-orange\captures\clips\2026-04-17-orange-miss-compilation.mp4,27,5.367,2026-04-18 03:03:21,orange,white_black_dotted,0.9625,0.0000,1.0000,0.0325,1,0,0
C:\Users\PC\Desktop\Projects\tapo-orange\captures\clips\2026-04-17-orange-miss-compilation.mp4,37,7.367,2026-04-18 03:03:22,unknown,white_black_dotted,0.1936,0.0000,1.0000,0.0762,3,0,0
C:\Users\PC\Desktop\Projects\tapo-orange\captures\clips\2026-04-17-orange-miss-compilation.mp4,45,8.967,2026-04-18 03:03:23,orange,white_black_dotted,0.9430,0.0000,1.0000,0.0146,1,0,0
C:\Users\PC\Desktop\Projects\tapo-orange\captures\clips\2026-04-17-orange-miss-compilation.mp4,46,9.167,2026-04-18 03:03:23,unknown,white_black_dotted,0.2115,0.0000,1.0000,0.0762,3,0,0
C:\Users\PC\Desktop\Projects\tapo-orange\captures\clips\2026-04-17-orange-miss-compilation.mp4,47,9.367,2026-04-18 03:03:23,unknown,white_black_dotted,0.2073,0.0000,1.0000,0.0802,3,0,0
C:\Users\PC\Desktop\Projects\tapo-orange\captures\clips\2026-04-17-orange-miss-compilation.mp4,48,9.567,2026-04-18 03:03:23,unknown,white_black_dotted,0.2072,0.0000,1.0000,0.0806,3,0,0
C:\Users\PC\Desktop\Projects\tapo-orange\captures\clips\2026-04-17-orange-miss-compilation.mp4,50,9.967,2026-04-18 03:03:23,orange,white_black_dotted,0.8539,0.0000,1.0000,0.0040,1,0,0
C:\Users\PC\Desktop\Projects\tapo-orange\captures\clips\2026-04-17-orange-miss-compilation.mp4,51,10.167,2026-04-18 03:03:23,orange,white_black_dotted,0.8522,0.0000,1.0000,0.0065,1,0,0
C:\Users\PC\Desktop\Projects\tapo-orange\captures\clips\2026-04-17-orange-miss-compilation.mp4,52,10.367,2026-04-18 03:03:23,orange,white_black_dotted,0.8390,0.0000,1.0000,0.0078,1,0,0
C:\Users\PC\Desktop\Projects\tapo-orange\captures\clips\2026-04-17-orange-miss-compilation.mp4,53,10.567,2026-04-18 03:03:23,orange,white_black_dotted,0.8378,0.0000,1.0000,0.0086,1,0,0
C:\Users\PC\Desktop\Projects\tapo-orange\captures\clips\2026-04-17-orange-miss-compilation.mp4,54,10.767,2026-04-18 03:03:23,orange,white_black_dotted,0.8046,0.0000,1.0000,0.0152,1,0,0
C:\Users\PC\Desktop\Projects\tapo-orange\captures\clips\2026-04-17-orange-miss-compilation.mp4,55,10.967,2026-04-18 03:03:23,orange,white_black_dotted,0.8502,0.0000,1.0000,0.0220,1,0,0
C:\Users\PC\Desktop\Projects\tapo-orange\captures\clips\2026-04-17-orange-miss-compilation.mp4,56,11.167,2026-04-18 03:03:23,unknown,white_black_dotted,0.2003,0.0000,1.0000,0.0370,2,0,0
C:\Users\PC\Desktop\Projects\tapo-orange\captures\clips\2026-04-17-orange-miss-compilation.mp4,57,11.367,2026-04-18 03:03:23,unknown,white_black_dotted,0.2089,0.0000,1.0000,0.0815,2,0,0
C:\Users\PC\Desktop\Projects\tapo-orange\captures\clips\2026-04-17-orange-miss-compilation.mp4,58,11.567,2026-04-18 03:03:24,white_black_dotted,white_black_dotted,0.9861,0.0000,1.0000,0.1022,3,0,0
C:\Users\PC\Desktop\Projects\tapo-orange\captures\clips\2026-04-17-orange-miss-compilation.mp4,59,11.767,2026-04-18 03:03:24,white_black_dotted,white_black_dotted,0.9890,0.0000,1.0000,0.1154,3,0,0
C:\Users\PC\Desktop\Projects\tapo-orange\captures\clips\2026-04-17-orange-miss-compilation.mp4,60,11.967,2026-04-18 03:03:24,white_black_dotted,white_black_dotted,0.9900,0.0000,1.0000,0.1222,3,0,0
C:\Users\PC\Desktop\Projects\tapo-orange\captures\clips\2026-04-17-orange-miss-compilation.mp4,61,12.167,2026-04-18 03:03:24,white_black_dotted,white_black_dotted,0.9868,0.0000,1.0000,0.1158,3,0,0
C:\Users\PC\Desktop\Projects\tapo-orange\captures\clips\2026-04-17-orange-miss-compilation.mp4,62,12.367,2026-04-18 03:03:24,white_black_dotted,white_black_dotted,0.9900,0.0000,1.0000,0.1309,3,1,0
C:\Users\PC\Desktop\Projects\tapo-orange\captures\clips\2026-04-17-orange-miss-compilation.mp4,63,12.567,2026-04-18 03:03:24,white_black_dotted,possible_goblin,0.9900,0.0000,1.0000,0.1344,3,1,0
C:\Users\PC\Desktop\Projects\tapo-orange\captures\clips\2026-04-17-orange-miss-compilation.mp4,64,12.767,2026-04-18 03:03:24,white_black_dotted,possible_goblin,0.9900,0.0000,1.0000,0.1256,3,0,0
C:\Users\PC\Desktop\Projects\tapo-orange\captures\clips\2026-04-17-orange-miss-compilation.mp4,65,12.967,2026-04-18 03:03:24,white_black_dotted,possible_goblin,0.9900,0.0000,1.0000,0.1329,3,1,0
C:\Users\PC\Desktop\Projects\tapo-orange\captures\clips\2026-04-17-orange-miss-compilation.mp4,66,13.167,2026-04-18 03:03:24,unknown,possible_goblin,0.2644,0.0000,1.0000,0.1302,3,0,0
C:\Users\PC\Desktop\Projects\tapo-orange\captures\clips\2026-04-17-orange-miss-compilation.mp4,67,13.367,2026-04-18 03:03:24,white_black_dotted,possible_goblin,0.9900,0.0000,1.0000,0.1254,3,0,0
C:\Users\PC\Desktop\Projects\tapo-orange\captures\clips\2026-04-17-orange-miss-compilation.mp4,68,13.567,2026-04-18 03:03:24,white_black_dotted,possible_goblin,0.9900,0.0000,1.0000,0.1215,3,0,0
C:\Users\PC\Desktop\Projects\tapo-orange\captures\clips\2026-04-17-orange-miss-compilation.mp4,69,13.767,2026-04-18 03:03:24,white_black_dotted,white_black_dotted,0.9900,0.0000,1.0000,0.1287,3,0,0
C:\Users\PC\Desktop\Projects\tapo-orange\captures\clips\2026-04-17-orange-miss-compilation.mp4,70,13.967,2026-04-18 03:03:24,white_black_dotted,possible_goblin,0.9900,0.0000,1.0000,0.1301,3,1,0
C:\Users\PC\Desktop\Projects\tapo-orange\captures\clips\2026-04-17-orange-miss-compilation.mp4,71,14.167,2026-04-18 03:03:24,white_black_dotted,white_black_dotted,0.9900,0.0000,1.0000,0.1280,3,0,0
C:\Users\PC\Desktop\Projects\tapo-orange\captures\clips\2026-04-17-orange-miss-compilation.mp4,72,14.367,2026-04-18 03:03:25,white_black_dotted,possible_goblin,0.9900,0.0000,1.0000,0.1317,3,1,0
C:\Users\PC\Desktop\Projects\tapo-orange\captures\clips\2026-04-17-orange-miss-compilation.mp4,73,14.567,2026-04-18 03:03:25,white_black_dotted,possible_goblin,0.9900,0.0000,1.0000,0.1311,3,1,0
C:\Users\PC\Desktop\Projects\tapo-orange\captures\clips\2026-04-17-orange-miss-compilation.mp4,74,14.767,2026-04-18 03:03:25,orange,possible_goblin,0.9900,0.0000,1.0000,0.0000,1,0,0
C:\Users\PC\Desktop\Projects\tapo-orange\captures\clips\2026-04-17-orange-miss-compilation.mp4,75,14.967,2026-04-18 03:03:25,unknown,possible_goblin,0.5500,0.0000,1.0000,0.1142,3,0,1
C:\Users\PC\Desktop\Projects\tapo-orange\captures\clips\2026-04-17-orange-miss-compilation.mp4,76,15.167,2026-04-18 03:03:25,unknown,possible_goblin,0.2800,0.0000,1.0000,0.1228,4,0,0
C:\Users\PC\Desktop\Projects\tapo-orange\captures\clips\2026-04-17-orange-miss-compilation.mp4,77,15.367,2026-04-18 03:03:25,unknown,possible_goblin,0.2926,0.0000,1.0000,0.1351,3,0,0
C:\Users\PC\Desktop\Projects\tapo-orange\captures\clips\2026-04-17-orange-miss-compilation.mp4,78,15.567,2026-04-18 03:03:25,unknown,white_black_dotted,0.2965,0.0000,1.0000,0.1365,3,0,0
C:\Users\PC\Desktop\Projects\tapo-orange\captures\clips\2026-04-17-orange-miss-compilation.mp4,80,15.967,2026-04-18 03:03:25,unknown,white_black_dotted,0.2799,0.0000,1.0000,0.1421,3,0,0
C:\Users\PC\Desktop\Projects\tapo-orange\captures\clips\2026-04-17-orange-miss-compilation.mp4,82,16.367,2026-04-18 03:03:25,white_black_dotted,white_black_dotted,0.9900,0.0000,1.0000,0.1488,3,1,0
C:\Users\PC\Desktop\Projects\tapo-orange\captures\clips\2026-04-17-orange-miss-compilation.mp4,83,16.567,2026-04-18 03:03:25,white_black_dotted,possible_goblin,0.9900,0.0000,1.0000,0.1463,3,1,0
C:\Users\PC\Desktop\Projects\tapo-orange\captures\clips\2026-04-17-orange-miss-compilation.mp4,84,16.767,2026-04-18 03:03:25,white_black_dotted,possible_goblin,0.9900,0.0000,1.0000,0.1457,4,1,0
C:\Users\PC\Desktop\Projects\tapo-orange\captures\clips\2026-04-17-orange-miss-compilation.mp4,85,16.967,2026-04-18 03:03:25,white_black_dotted,possible_goblin,0.9900,0.0000,1.0000,0.1471,4,1,0
C:\Users\PC\Desktop\Projects\tapo-orange\captures\clips\2026-04-17-orange-miss-compilation.mp4,91,18.167,2026-04-18 03:03:26,unknown,possible_goblin,0.2254,0.0000,1.0000,0.0756,1,0,0
C:\Users\PC\Desktop\Projects\tapo-orange\captures\clips\2026-04-17-orange-miss-compilation.mp4,92,18.367,2026-04-18 03:03:26,unknown,possible_goblin,0.2369,0.0000,1.0000,0.0637,1,0,0
C:\Users\PC\Desktop\Projects\tapo-orange\captures\clips\2026-04-17-orange-miss-compilation.mp4,93,18.567,2026-04-18 03:03:26,unknown,possible_goblin,0.2011,0.0000,1.0000,0.0800,1,0,0
C:\Users\PC\Desktop\Projects\tapo-orange\captures\clips\2026-04-17-orange-miss-compilation.mp4,94,18.767,2026-04-18 03:03:26,unknown,possible_goblin,0.2075,0.0000,1.0000,0.0783,1,0,0
C:\Users\PC\Desktop\Projects\tapo-orange\captures\clips\2026-04-17-orange-miss-compilation.mp4,95,18.967,2026-04-18 03:03:26,unknown,white_black_dotted,0.2016,0.0000,1.0000,0.0768,1,0,0
C:\Users\PC\Desktop\Projects\tapo-orange\captures\clips\2026-04-17-orange-miss-compilation.mp4,96,19.167,2026-04-18 03:03:26,unknown,white_black_dotted,0.2022,0.0000,1.0000,0.0774,1,0,0
C:\Users\PC\Desktop\Projects\tapo-orange\captures\clips\2026-04-17-orange-miss-compilation.mp4,97,19.367,2026-04-18 03:03:26,unknown,white_black_dotted,0.1952,0.0000,1.0000,0.0783,1,0,0
C:\Users\PC\Desktop\Projects\tapo-orange\captures\clips\2026-04-17-orange-miss-compilation.mp4,98,19.567,2026-04-18 03:03:26,unknown,white_black_dotted,0.1904,0.0000,1.0000,0.0880,1,0,0
C:\Users\PC\Desktop\Projects\tapo-orange\captures\clips\2026-04-17-orange-miss-compilation.mp4,99,19.767,2026-04-18 03:03:26,unknown,white_black_dotted,0.1895,0.0000,1.0000,0.0880,1,0,0
C:\Users\PC\Desktop\Projects\tapo-orange\captures\clips\2026-04-17-orange-miss-compilation.mp4,100,19.967,2026-04-18 03:03:26,unknown,white_black_dotted,0.1932,0.0000,1.0000,0.0804,1,0,0
C:\Users\PC\Desktop\Projects\tapo-orange\captures\clips\2026-04-17-orange-miss-compilation.mp4,101,20.167,2026-04-18 03:03:26,unknown,white_black_dotted,0.1915,0.0000,1.0000,0.0819,1,0,0
C:\Users\PC\Desktop\Projects\tapo-orange\captures\clips\2026-04-17-orange-miss-compilation.mp4,102,20.367,2026-04-18 03:03:27,unknown,white_black_dotted,0.2099,0.0000,1.0000,0.0995,1,0,0
C:\Users\PC\Desktop\Projects\tapo-orange\captures\clips\2026-04-17-orange-miss-compilation.mp4,103,20.567,2026-04-18 03:03:27,unknown,white_black_dotted,0.2276,0.0000,1.0000,0.0903,1,0,0
C:\Users\PC\Desktop\Projects\tapo-orange\captures\clips\2026-04-17-orange-miss-compilation.mp4,104,20.767,2026-04-18 03:03:27,unknown,white_black_dotted,0.2282,0.0000,1.0000,0.0903,1,0,0
C:\Users\PC\Desktop\Projects\tapo-orange\captures\clips\2026-04-17-orange-miss-compilation.mp4,105,20.967,2026-04-18 03:03:27,unknown,white_black_dotted,0.2257,0.0000,1.0000,0.0899,1,0,0
C:\Users\PC\Desktop\Projects\tapo-orange\captures\clips\2026-04-17-orange-miss-compilation.mp4,106,21.167,2026-04-18 03:03:27,unknown,white_black_dotted,0.2240,0.0000,1.0000,0.0899,1,0,0
C:\Users\PC\Desktop\Projects\tapo-orange\captures\clips\2026-04-17-orange-miss-compilation.mp4,107,21.367,2026-04-18 03:03:27,unknown,white_black_dotted,0.2272,0.0000,1.0000,0.0976,1,0,0
C:\Users\PC\Desktop\Projects\tapo-orange\captures\clips\2026-04-17-orange-miss-compilation.mp4,108,21.567,2026-04-18 03:03:27,unknown,white_black_dotted,0.2286,0.0000,1.0000,0.0903,1,0,0
C:\Users\PC\Desktop\Projects\tapo-orange\captures\clips\2026-04-17-orange-miss-compilation.mp4,109,21.767,2026-04-18 03:03:27,unknown,white_black_dotted,0.2296,0.0000,1.0000,0.0960,1,0,0
C:\Users\PC\Desktop\Projects\tapo-orange\captures\clips\2026-04-17-orange-miss-compilation.mp4,110,21.967,2026-04-18 03:03:27,unknown,white_black_dotted,0.2280,0.0000,1.0000,0.0960,1,0,0
C:\Users\PC\Desktop\Projects\tapo-orange\captures\clips\2026-04-17-orange-miss-compilation.mp4,111,22.167,2026-04-18 03:03:27,unknown,white_black_dotted,0.1966,0.0000,1.0000,0.0990,1,0,0
C:\Users\PC\Desktop\Projects\tapo-orange\captures\clips\2026-04-17-orange-miss-compilation.mp4,112,22.367,2026-04-18 03:03:27,unknown,white_black_dotted,0.2011,0.0000,1.0000,0.0990,1,0,0
C:\Users\PC\Desktop\Projects\tapo-orange\captures\clips\2026-04-17-orange-miss-compilation.mp4,113,22.567,2026-04-18 03:03:27,white_black_dotted,white_black_dotted,0.9729,0.0000,1.0000,0.1005,1,0,0
C:\Users\PC\Desktop\Projects\tapo-orange\captures\clips\2026-04-17-orange-miss-compilation.mp4,114,22.767,2026-04-18 03:03:27,unknown,white_black_dotted,0.2037,0.0000,1.0000,0.0990,1,0,0
C:\Users\PC\Desktop\Projects\tapo-orange\captures\clips\2026-04-17-orange-miss-compilation.mp4,115,22.967,2026-04-18 03:03:27,white_black_dotted,white_black_dotted,0.9702,0.0000,1.0000,0.1049,1,0,0
C:\Users\PC\Desktop\Projects\tapo-orange\captures\clips\2026-04-17-orange-miss-compilation.mp4,116,23.167,2026-04-18 03:03:27,white_black_dotted,white_black_dotted,0.9708,0.0000,1.0000,0.1173,1,0,0
C:\Users\PC\Desktop\Projects\tapo-orange\captures\clips\2026-04-17-orange-miss-compilation.mp4,117,23.367,2026-04-18 03:03:28,white_black_dotted,white_black_dotted,0.9709,0.0000,1.0000,0.1073,1,0,0
C:\Users\PC\Desktop\Projects\tapo-orange\captures\clips\2026-04-17-orange-miss-compilation.mp4,118,23.567,2026-04-18 03:03:28,white_black_dotted,white_black_dotted,0.9740,0.0000,1.0000,0.1014,1,0,0
C:\Users\PC\Desktop\Projects\tapo-orange\captures\clips\2026-04-17-orange-miss-compilation.mp4,119,23.767,2026-04-18 03:03:28,unknown,white_black_dotted,0.2274,0.0000,1.0000,0.0895,1,0,0
C:\Users\PC\Desktop\Projects\tapo-orange\captures\clips\2026-04-17-orange-miss-compilation.mp4,120,23.967,2026-04-18 03:03:28,white_black_dotted,white_black_dotted,0.9680,0.0000,1.0000,0.1018,1,0,0
C:\Users\PC\Desktop\Projects\tapo-orange\captures\clips\2026-04-17-orange-miss-compilation.mp4,121,24.167,2026-04-18 03:03:28,white_black_dotted,white_black_dotted,0.9681,0.0000,1.0000,0.1093,1,0,0
C:\Users\PC\Desktop\Projects\tapo-orange\captures\clips\2026-04-17-orange-miss-compilation.mp4,122,24.367,2026-04-18 03:03:28,white_black_dotted,white_black_dotted,0.9684,0.0000,1.0000,0.1028,1,0,0
C:\Users\PC\Desktop\Projects\tapo-orange\captures\clips\2026-04-17-orange-miss-compilation.mp4,123,24.567,2026-04-18 03:03:28,white_black_dotted,white_black_dotted,0.9692,0.0000,1.0000,0.1122,1,0,0
C:\Users\PC\Desktop\Projects\tapo-orange\captures\clips\2026-04-17-orange-miss-compilation.mp4,124,24.767,2026-04-18 03:03:28,white_black_dotted,white_black_dotted,0.9692,0.0000,1.0000,0.1109,1,0,0
C:\Users\PC\Desktop\Projects\tapo-orange\captures\clips\2026-04-17-orange-miss-compilation.mp4,125,24.967,2026-04-18 03:03:28,white_black_dotted,white_black_dotted,0.9692,0.0000,1.0000,0.1035,1,0,0
C:\Users\PC\Desktop\Projects\tapo-orange\captures\clips\2026-04-17-orange-miss-compilation.mp4,126,25.167,2026-04-18 03:03:28,white_black_dotted,white_black_dotted,0.9681,0.0000,1.0000,0.1107,1,0,0
C:\Users\PC\Desktop\Projects\tapo-orange\captures\clips\2026-04-17-orange-miss-compilation.mp4,127,25.367,2026-04-18 03:03:28,unknown,white_black_dotted,0.2301,0.0000,1.0000,0.0911,1,0,0
C:\Users\PC\Desktop\Projects\tapo-orange\captures\clips\2026-04-17-orange-miss-compilation.mp4,128,25.567,2026-04-18 03:03:28,unknown,white_black_dotted,0.2075,0.0000,1.0000,0.0825,1,0,0
C:\Users\PC\Desktop\Projects\tapo-orange\captures\clips\2026-04-17-orange-miss-compilation.mp4,129,25.767,2026-04-18 03:03:28,unknown,white_black_dotted,0.2036,0.0000,1.0000,0.0931,1,0,0
C:\Users\PC\Desktop\Projects\tapo-orange\captures\clips\2026-04-17-orange-miss-compilation.mp4,130,25.967,2026-04-18 03:03:28,unknown,white_black_dotted,0.2071,0.0000,1.0000,0.0964,1,0,0
C:\Users\PC\Desktop\Projects\tapo-orange\captures\clips\2026-04-17-orange-miss-compilation.mp4,131,26.167,2026-04-18 03:03:28,unknown,white_black_dotted,0.2106,0.0000,1.0000,0.0954,1,0,0
C:\Users\PC\Desktop\Projects\tapo-orange\captures\clips\2026-04-17-orange-miss-compilation.mp4,132,26.367,2026-04-18 03:03:29,unknown,white_black_dotted,0.2091,0.0000,1.0000,0.0845,1,0,0
C:\Users\PC\Desktop\Projects\tapo-orange\captures\clips\2026-04-17-orange-miss-compilation.mp4,133,26.567,2026-04-18 03:03:29,unknown,white_black_dotted,0.2105,0.0000,1.0000,0.0859,1,0,0
C:\Users\PC\Desktop\Projects\tapo-orange\captures\clips\2026-04-17-orange-miss-compilation.mp4,134,26.767,2026-04-18 03:03:29,unknown,white_black_dotted,0.2146,0.0000,1.0000,0.0864,1,0,0
C:\Users\PC\Desktop\Projects\tapo-orange\captures\clips\2026-04-17-orange-miss-compilation.mp4,135,26.967,2026-04-18 03:03:29,unknown,white_black_dotted,0.2177,0.0000,1.0000,0.0965,1,0,0
C:\Users\PC\Desktop\Projects\tapo-orange\captures\clips\2026-04-17-orange-miss-compilation.mp4,136,27.167,2026-04-18 03:03:29,unknown,white_black_dotted,0.2262,0.0000,1.0000,0.0976,1,0,0
C:\Users\PC\Desktop\Projects\tapo-orange\captures\clips\2026-04-17-orange-miss-compilation.mp4,137,27.367,2026-04-18 03:03:29,white_black_dotted,white_black_dotted,0.9808,0.0000,1.0000,0.1341,1,1,0
C:\Users\PC\Desktop\Projects\tapo-orange\captures\clips\2026-04-17-orange-miss-compilation.mp4,138,27.567,2026-04-18 03:03:29,orange,white_black_dotted,0.8537,0.0000,1.0000,0.0700,1,0,0
C:\Users\PC\Desktop\Projects\tapo-orange\captures\clips\2026-04-17-orange-miss-compilation.mp4,139,27.767,2026-04-18 03:03:29,orange,white_black_dotted,0.8732,0.0000,1.0000,0.0571,1,0,0
C:\Users\PC\Desktop\Projects\tapo-orange\captures\clips\2026-04-17-orange-miss-compilation.mp4,140,27.967,2026-04-18 03:03:29,orange,white_black_dotted,0.8278,0.0000,1.0000,0.0674,1,0,0
C:\Users\PC\Desktop\Projects\tapo-orange\captures\clips\2026-04-17-orange-miss-compilation.mp4,141,28.167,2026-04-18 03:03:29,unknown,white_black_dotted,0.1725,0.0000,1.0000,0.0460,1,0,0
C:\Users\PC\Desktop\Projects\tapo-orange\captures\clips\2026-04-17-orange-miss-compilation.mp4,142,28.367,2026-04-18 03:03:29,unknown,white_black_dotted,0.1835,0.0000,1.0000,0.0622,1,0,0
C:\Users\PC\Desktop\Projects\tapo-orange\captures\clips\2026-04-17-orange-miss-compilation.mp4,143,28.567,2026-04-18 03:03:29,unknown,white_black_dotted,0.1861,0.0000,1.0000,0.0718,1,0,0
C:\Users\PC\Desktop\Projects\tapo-orange\captures\clips\2026-04-17-orange-miss-compilation.mp4,144,28.767,2026-04-18 03:03:29,unknown,white_black_dotted,0.1876,0.0000,1.0000,0.0703,1,0,0
C:\Users\PC\Desktop\Projects\tapo-orange\captures\clips\2026-04-17-orange-miss-compilation.mp4,145,28.967,2026-04-18 03:03:29,unknown,white_black_dotted,0.1918,0.0000,1.0000,0.0752,1,0,0
C:\Users\PC\Desktop\Projects\tapo-orange\captures\clips\2026-04-17-orange-miss-compilation.mp4,146,29.167,2026-04-18 03:03:29,unknown,white_black_dotted,0.1998,0.0000,1.0000,0.0809,1,0,0
C:\Users\PC\Desktop\Projects\tapo-orange\captures\clips\2026-04-17-orange-miss-compilation.mp4,147,29.367,2026-04-18 03:03:30,unknown,white_black_dotted,0.2016,0.0000,1.0000,0.0874,1,0,0
C:\Users\PC\Desktop\Projects\tapo-orange\captures\clips\2026-04-17-orange-miss-compilation.mp4,148,29.567,2026-04-18 03:03:30,white_black_dotted,white_black_dotted,0.9900,0.0000,1.0000,0.1182,1,0,0
C:\Users\PC\Desktop\Projects\tapo-orange\captures\clips\2026-04-17-orange-miss-compilation.mp4,149,29.767,2026-04-18 03:03:30,white_black_dotted,white_black_dotted,0.9900,0.0000,1.0000,0.1404,1,1,0
C:\Users\PC\Desktop\Projects\tapo-orange\captures\clips\2026-04-17-orange-miss-compilation.mp4,150,29.967,2026-04-18 03:03:30,white_black_dotted,white_black_dotted,0.9900,0.0000,1.0000,0.1285,1,0,0
C:\Users\PC\Desktop\Projects\tapo-orange\captures\clips\2026-04-17-orange-miss-compilation.mp4,151,30.167,2026-04-18 03:03:30,white_black_dotted,possible_goblin,0.9900,0.0000,1.0000,0.2186,1,1,0
C:\Users\PC\Desktop\Projects\tapo-orange\captures\clips\2026-04-17-orange-miss-compilation.mp4,152,30.367,2026-04-18 03:03:30,white_black_dotted,possible_goblin,0.9900,0.0000,1.0000,0.1243,1,0,0
C:\Users\PC\Desktop\Projects\tapo-orange\captures\clips\2026-04-17-orange-miss-compilation.mp4,153,30.567,2026-04-18 03:03:30,white_black_dotted,possible_goblin,0.9900,0.0000,1.0000,0.1266,1,0,0
C:\Users\PC\Desktop\Projects\tapo-orange\captures\clips\2026-04-17-orange-miss-compilation.mp4,154,30.767,2026-04-18 03:03:30,white_black_dotted,possible_goblin,0.9900,0.0000,1.0000,0.1286,1,0,0
C:\Users\PC\Desktop\Projects\tapo-orange\captures\clips\2026-04-17-orange-miss-compilation.mp4,155,30.967,2026-04-18 03:03:30,white_black_dotted,white_black_dotted,0.9900,0.0000,1.0000,0.1176,1,0,0
C:\Users\PC\Desktop\Projects\tapo-orange\captures\clips\2026-04-17-orange-miss-compilation.mp4,156,31.167,2026-04-18 03:03:30,white_black_dotted,white_black_dotted,0.9900,0.0000,1.0000,0.1033,1,0,0
C:\Users\PC\Desktop\Projects\tapo-orange\captures\clips\2026-04-17-orange-miss-compilation.mp4,157,31.367,2026-04-18 03:03:30,white_black_dotted,white_black_dotted,0.9900,0.0000,1.0000,0.1026,1,0,0
C:\Users\PC\Desktop\Projects\tapo-orange\captures\clips\2026-04-17-orange-miss-compilation.mp4,158,31.567,2026-04-18 03:03:30,unknown,white_black_dotted,0.2428,0.0000,1.0000,0.0819,1,0,0
C:\Users\PC\Desktop\Projects\tapo-orange\captures\clips\2026-04-17-orange-miss-compilation.mp4,159,31.767,2026-04-18 03:03:30,unknown,white_black_dotted,0.2489,0.0000,1.0000,0.0842,1,0,0
C:\Users\PC\Desktop\Projects\tapo-orange\captures\clips\2026-04-17-orange-miss-compilation.mp4,160,31.967,2026-04-18 03:03:30,unknown,white_black_dotted,0.2384,0.0000,1.0000,0.0850,1,0,0
C:\Users\PC\Desktop\Projects\tapo-orange\captures\clips\2026-04-17-orange-miss-compilation.mp4,161,32.167,2026-04-18 03:03:30,unknown,white_black_dotted,0.2661,0.0000,1.0000,0.0741,1,0,0
C:\Users\PC\Desktop\Projects\tapo-orange\captures\clips\2026-04-17-orange-miss-compilation.mp4,162,32.367,2026-04-18 03:03:31,unknown,white_black_dotted,0.2736,0.0000,1.0000,0.0725,1,0,0
C:\Users\PC\Desktop\Projects\tapo-orange\captures\clips\2026-04-17-orange-miss-compilation.mp4,163,32.567,2026-04-18 03:03:31,unknown,white_black_dotted,0.2747,0.0000,1.0000,0.0713,1,0,0
C:\Users\PC\Desktop\Projects\tapo-orange\captures\clips\2026-04-17-orange-miss-compilation.mp4,164,32.767,2026-04-18 03:03:31,unknown,white_black_dotted,0.2754,0.0000,1.0000,0.0610,1,0,0
C:\Users\PC\Desktop\Projects\tapo-orange\captures\clips\2026-04-17-orange-miss-compilation.mp4,165,32.967,2026-04-18 03:03:31,unknown,white_black_dotted,0.2777,0.0000,1.0000,0.0608,1,0,0
C:\Users\PC\Desktop\Projects\tapo-orange\captures\clips\2026-04-17-orange-miss-compilation.mp4,166,33.167,2026-04-18 03:03:31,unknown,white_black_dotted,0.2860,0.0000,1.0000,0.0849,1,0,0
C:\Users\PC\Desktop\Projects\tapo-orange\captures\clips\2026-04-17-orange-miss-compilation.mp4,167,33.367,2026-04-18 03:03:31,unknown,white_black_dotted,0.2825,0.0000,1.0000,0.0852,1,0,0
C:\Users\PC\Desktop\Projects\tapo-orange\captures\clips\2026-04-17-orange-miss-compilation.mp4,168,33.567,2026-04-18 03:03:31,unknown,white_black_dotted,0.2864,0.0000,1.0000,0.0961,1,0,0
C:\Users\PC\Desktop\Projects\tapo-orange\captures\clips\2026-04-17-orange-miss-compilation.mp4,169,33.767,2026-04-18 03:03:31,unknown,white_black_dotted,0.2746,0.0000,1.0000,0.0961,1,0,0
C:\Users\PC\Desktop\Projects\tapo-orange\captures\clips\2026-04-17-orange-miss-compilation.mp4,170,33.967,2026-04-18 03:03:31,unknown,white_black_dotted,0.2747,0.0000,1.0000,0.0961,1,0,0
C:\Users\PC\Desktop\Projects\tapo-orange\captures\clips\2026-04-17-orange-miss-compilation.mp4,171,34.167,2026-04-18 03:03:31,unknown,white_black_dotted,0.2736,0.0000,1.0000,0.0961,1,0,0
C:\Users\PC\Desktop\Projects\tapo-orange\captures\clips\2026-04-17-orange-miss-compilation.mp4,172,34.367,2026-04-18 03:03:31,unknown,white_black_dotted,0.2823,0.0000,1.0000,0.0959,1,0,0
C:\Users\PC\Desktop\Projects\tapo-orange\captures\clips\2026-04-17-orange-miss-compilation.mp4,173,34.567,2026-04-18 03:03:31,unknown,white_black_dotted,0.2633,0.0000,1.0000,0.0792,1,0,0
C:\Users\PC\Desktop\Projects\tapo-orange\captures\clips\2026-04-17-orange-miss-compilation.mp4,174,34.767,2026-04-18 03:03:31,white_black_dotted,white_black_dotted,0.9900,0.0000,1.0000,0.1026,1,0,0
C:\Users\PC\Desktop\Projects\tapo-orange\captures\clips\2026-04-17-orange-miss-compilation.mp4,175,34.967,2026-04-18 03:03:31,unknown,white_black_dotted,0.2275,0.0000,1.0000,0.0920,1,0,0
C:\Users\PC\Desktop\Projects\tapo-orange\captures\clips\2026-04-17-orange-miss-compilation.mp4,176,35.167,2026-04-18 03:03:32,unknown,white_black_dotted,0.2167,0.0000,1.0000,0.0951,1,0,0
C:\Users\PC\Desktop\Projects\tapo-orange\captures\clips\2026-04-17-orange-miss-compilation.mp4,177,35.367,2026-04-18 03:03:32,unknown,white_black_dotted,0.2162,0.0000,1.0000,0.0949,1,0,0
C:\Users\PC\Desktop\Projects\tapo-orange\captures\clips\2026-04-17-orange-miss-compilation.mp4,178,35.567,2026-04-18 03:03:32,white_black_dotted,white_black_dotted,0.9900,0.0000,1.0000,0.1069,1,0,0
C:\Users\PC\Desktop\Projects\tapo-orange\captures\clips\2026-04-17-orange-miss-compilation.mp4,179,35.767,2026-04-18 03:03:32,unknown,white_black_dotted,0.2215,0.0000,1.0000,0.0953,1,0,0
C:\Users\PC\Desktop\Projects\tapo-orange\captures\clips\2026-04-17-orange-miss-compilation.mp4,180,35.967,2026-04-18 03:03:32,unknown,white_black_dotted,0.2216,0.0000,1.0000,0.0844,1,0,0
C:\Users\PC\Desktop\Projects\tapo-orange\captures\clips\2026-04-17-orange-miss-compilation.mp4,181,36.167,2026-04-18 03:03:32,white_black_dotted,white_black_dotted,0.9900,0.0000,1.0000,0.1195,1,0,0
C:\Users\PC\Desktop\Projects\tapo-orange\captures\clips\2026-04-17-orange-miss-compilation.mp4,182,36.367,2026-04-18 03:03:32,unknown,white_black_dotted,0.2483,0.0000,1.0000,0.0776,1,0,0
C:\Users\PC\Desktop\Projects\tapo-orange\captures\clips\2026-04-17-orange-miss-compilation.mp4,183,36.567,2026-04-18 03:03:32,unknown,white_black_dotted,0.2525,0.0000,1.0000,0.0904,1,0,0
C:\Users\PC\Desktop\Projects\tapo-orange\captures\clips\2026-04-17-orange-miss-compilation.mp4,184,36.767,2026-04-18 03:03:32,unknown,white_black_dotted,0.2504,0.0000,1.0000,0.0794,1,0,0
C:\Users\PC\Desktop\Projects\tapo-orange\captures\clips\2026-04-17-orange-miss-compilation.mp4,185,36.967,2026-04-18 03:03:32,unknown,white_black_dotted,0.2428,0.0000,1.0000,0.0920,1,0,0
C:\Users\PC\Desktop\Projects\tapo-orange\captures\clips\2026-04-17-orange-miss-compilation.mp4,186,37.167,2026-04-18 03:03:32,unknown,white_black_dotted,0.2464,0.0000,1.0000,0.0920,1,0,0
C:\Users\PC\Desktop\Projects\tapo-orange\captures\clips\2026-04-17-orange-miss-compilation.mp4,187,37.367,2026-04-18 03:03:32,white_black_dotted,white_black_dotted,0.9900,0.0000,1.0000,0.1468,1,1,0
C:\Users\PC\Desktop\Projects\tapo-orange\captures\clips\2026-04-17-orange-miss-compilation.mp4,188,37.567,2026-04-18 03:03:32,white_black_dotted,possible_goblin,0.9900,0.0000,1.0000,0.1570,1,1,0
C:\Users\PC\Desktop\Projects\tapo-orange\captures\clips\2026-04-17-orange-miss-compilation.mp4,189,37.767,2026-04-18 03:03:32,white_black_dotted,possible_goblin,0.9900,0.0000,1.0000,0.1443,1,1,0
C:\Users\PC\Desktop\Projects\tapo-orange\captures\clips\2026-04-17-orange-miss-compilation.mp4,190,37.967,2026-04-18 03:03:32,white_black_dotted,possible_goblin,0.9900,0.0000,1.0000,0.1450,1,1,0
C:\Users\PC\Desktop\Projects\tapo-orange\captures\clips\2026-04-17-orange-miss-compilation.mp4,191,38.167,2026-04-18 03:03:33,white_black_dotted,possible_goblin,0.9900,0.0000,1.0000,0.1468,1,1,0
C:\Users\PC\Desktop\Projects\tapo-orange\captures\clips\2026-04-17-orange-miss-compilation.mp4,192,38.367,2026-04-18 03:03:33,white_black_dotted,possible_goblin,0.9900,0.0000,1.0000,0.1789,1,1,0
C:\Users\PC\Desktop\Projects\tapo-orange\captures\clips\2026-04-17-orange-miss-compilation.mp4,193,38.567,2026-04-18 03:03:33,unknown,possible_goblin,0.5500,0.0000,1.0000,0.2355,1,0,1
C:\Users\PC\Desktop\Projects\tapo-orange\captures\clips\2026-04-17-orange-miss-compilation.mp4,194,38.767,2026-04-18 03:03:33,unknown,possible_goblin,0.5500,0.0000,1.0000,0.2489,1,0,1
C:\Users\PC\Desktop\Projects\tapo-orange\captures\clips\2026-04-17-orange-miss-compilation.mp4,195,38.967,2026-04-18 03:03:33,unknown,possible_goblin,0.5500,0.0000,1.0000,0.3121,1,0,1
C:\Users\PC\Desktop\Projects\tapo-orange\captures\clips\2026-04-17-orange-miss-compilation.mp4,196,39.167,2026-04-18 03:03:33,unknown,possible_goblin,0.5500,0.0000,1.0000,0.2770,2,0,1
C:\Users\PC\Desktop\Projects\tapo-orange\captures\clips\2026-04-17-orange-miss-compilation.mp4,197,39.367,2026-04-18 03:03:33,unknown,white_black_dotted,0.5500,0.0000,1.0000,0.2867,2,0,1
C:\Users\PC\Desktop\Projects\tapo-orange\captures\clips\2026-04-17-orange-miss-compilation.mp4,198,39.567,2026-04-18 03:03:33,unknown,white_black_dotted,0.5500,0.0000,1.0000,0.2923,1,0,1
C:\Users\PC\Desktop\Projects\tapo-orange\captures\clips\2026-04-17-orange-miss-compilation.mp4,199,39.767,2026-04-18 03:03:33,unknown,white_black_dotted,0.5500,0.0000,1.0000,0.2562,1,0,1
C:\Users\PC\Desktop\Projects\tapo-orange\captures\clips\2026-04-17-orange-miss-compilation.mp4,200,39.967,2026-04-18 03:03:33,unknown,white_black_dotted,0.5500,0.0000,1.0000,0.2472,1,0,1
C:\Users\PC\Desktop\Projects\tapo-orange\captures\clips\2026-04-17-orange-miss-compilation.mp4,201,40.167,2026-04-18 03:03:33,unknown,white_black_dotted,0.5500,0.0000,1.0000,0.2671,1,0,1
C:\Users\PC\Desktop\Projects\tapo-orange\captures\clips\2026-04-17-orange-miss-compilation.mp4,202,40.367,2026-04-18 03:03:33,unknown,white_black_dotted,0.5500,0.0000,1.0000,0.2573,1,0,1
C:\Users\PC\Desktop\Projects\tapo-orange\captures\clips\2026-04-17-orange-miss-compilation.mp4,203,40.567,2026-04-18 03:03:33,unknown,white_black_dotted,0.5500,0.0000,1.0000,0.2457,1,0,1
C:\Users\PC\Desktop\Projects\tapo-orange\captures\clips\2026-04-17-orange-miss-compilation.mp4,204,40.767,2026-04-18 03:03:33,unknown,white_black_dotted,0.5500,0.0000,1.0000,0.2435,1,0,1
C:\Users\PC\Desktop\Projects\tapo-orange\captures\clips\2026-04-17-orange-miss-compilation.mp4,205,40.967,2026-04-18 03:03:34,unknown,white_black_dotted,0.5500,0.0000,1.0000,0.2615,1,0,1
C:\Users\PC\Desktop\Projects\tapo-orange\captures\clips\2026-04-17-orange-miss-compilation.mp4,206,41.167,2026-04-18 03:03:34,unknown,white_black_dotted,0.5500,0.0000,1.0000,0.2617,1,0,1
C:\Users\PC\Desktop\Projects\tapo-orange\captures\clips\2026-04-17-orange-miss-compilation.mp4,207,41.367,2026-04-18 03:03:34,unknown,white_black_dotted,0.5500,0.0000,1.0000,0.2524,1,0,1
C:\Users\PC\Desktop\Projects\tapo-orange\captures\clips\2026-04-17-orange-miss-compilation.mp4,208,41.567,2026-04-18 03:03:34,unknown,white_black_dotted,0.5500,0.0000,1.0000,0.2524,1,0,1
C:\Users\PC\Desktop\Projects\tapo-orange\captures\clips\2026-04-17-orange-miss-compilation.mp4,209,41.767,2026-04-18 03:03:34,unknown,white_black_dotted,0.5500,0.0000,1.0000,0.2418,1,0,1
C:\Users\PC\Desktop\Projects\tapo-orange\captures\clips\2026-04-17-orange-miss-compilation.mp4,210,41.967,2026-04-18 03:03:34,unknown,white_black_dotted,0.5500,0.0000,1.0000,0.2335,1,0,1
C:\Users\PC\Desktop\Projects\tapo-orange\captures\clips\2026-04-17-orange-miss-compilation.mp4,211,42.167,2026-04-18 03:03:34,unknown,white_black_dotted,0.5500,0.0000,1.0000,0.2348,1,0,1
C:\Users\PC\Desktop\Projects\tapo-orange\captures\clips\2026-04-17-orange-miss-compilation.mp4,212,42.367,2026-04-18 03:03:34,unknown,white_black_dotted,0.5500,0.0000,1.0000,0.2160,1,0,1
C:\Users\PC\Desktop\Projects\tapo-orange\captures\clips\2026-04-17-orange-miss-compilation.mp4,213,42.567,2026-04-18 03:03:34,unknown,white_black_dotted,0.5500,0.0000,1.0000,0.2258,1,0,1
C:\Users\PC\Desktop\Projects\tapo-orange\captures\clips\2026-04-17-orange-miss-compilation.mp4,214,42.767,2026-04-18 03:03:34,unknown,white_black_dotted,0.5500,0.0000,1.0000,0.2148,1,0,1
C:\Users\PC\Desktop\Projects\tapo-orange\captures\clips\2026-04-17-orange-miss-compilation.mp4,215,42.967,2026-04-18 03:03:34,unknown,white_black_dotted,0.5500,0.0000,1.0000,0.2222,1,0,1
C:\Users\PC\Desktop\Projects\tapo-orange\captures\clips\2026-04-17-orange-miss-compilation.mp4,216,43.167,2026-04-18 03:03:34,unknown,white_black_dotted,0.5500,0.0000,1.0000,0.2141,1,0,1
C:\Users\PC\Desktop\Projects\tapo-orange\captures\clips\2026-04-17-orange-miss-compilation.mp4,217,43.367,2026-04-18 03:03:34,unknown,white_black_dotted,0.5500,0.0000,1.0000,0.2326,1,0,1
C:\Users\PC\Desktop\Projects\tapo-orange\captures\clips\2026-04-17-orange-miss-compilation.mp4,218,43.567,2026-04-18 03:03:34,unknown,white_black_dotted,0.5500,0.0000,1.0000,0.2289,1,0,1
C:\Users\PC\Desktop\Projects\tapo-orange\captures\clips\2026-04-17-orange-miss-compilation.mp4,219,43.767,2026-04-18 03:03:34,unknown,white_black_dotted,0.5500,0.0000,1.0000,0.2388,1,0,1
C:\Users\PC\Desktop\Projects\tapo-orange\captures\clips\2026-04-17-orange-miss-compilation.mp4,220,43.967,2026-04-18 03:03:35,unknown,white_black_dotted,0.5500,0.0000,1.0000,0.2206,1,0,1
C:\Users\PC\Desktop\Projects\tapo-orange\captures\clips\2026-04-17-orange-miss-compilation.mp4,221,44.167,2026-04-18 03:03:35,unknown,white_black_dotted,0.1743,0.0000,1.0000,0.0407,2,0,0
C:\Users\PC\Desktop\Projects\tapo-orange\captures\clips\2026-04-17-orange-miss-compilation.mp4,222,44.367,2026-04-18 03:03:35,unknown,white_black_dotted,0.1690,0.0000,1.0000,0.0435,2,0,0
C:\Users\PC\Desktop\Projects\tapo-orange\captures\clips\2026-04-17-orange-miss-compilation.mp4,223,44.567,2026-04-18 03:03:35,unknown,white_black_dotted,0.1441,0.0000,1.0000,0.0430,2,0,0
C:\Users\PC\Desktop\Projects\tapo-orange\captures\clips\2026-04-17-orange-miss-compilation.mp4,224,44.767,2026-04-18 03:03:35,unknown,white_black_dotted,0.1382,0.0000,1.0000,0.0379,1,0,0
C:\Users\PC\Desktop\Projects\tapo-orange\captures\clips\2026-04-17-orange-miss-compilation.mp4,225,44.967,2026-04-18 03:03:35,unknown,white_black_dotted,0.1389,0.0000,1.0000,0.0410,1,0,0
C:\Users\PC\Desktop\Projects\tapo-orange\captures\clips\2026-04-17-orange-miss-compilation.mp4,226,45.167,2026-04-18 03:03:35,white_black_dotted,white_black_dotted,0.9864,0.0000,1.0000,0.1139,1,0,0
C:\Users\PC\Desktop\Projects\tapo-orange\captures\clips\2026-04-17-orange-miss-compilation.mp4,227,45.367,2026-04-18 03:03:35,white_black_dotted,white_black_dotted,0.9771,0.0000,1.0000,0.1171,1,0,0
C:\Users\PC\Desktop\Projects\tapo-orange\captures\clips\2026-04-17-orange-miss-compilation.mp4,228,45.567,2026-04-18 03:03:35,white_black_dotted,white_black_dotted,0.9735,0.0000,1.0000,0.1119,1,0,0
C:\Users\PC\Desktop\Projects\tapo-orange\captures\clips\2026-04-17-orange-miss-compilation.mp4,229,45.767,2026-04-18 03:03:35,white_black_dotted,white_black_dotted,0.9724,0.0000,1.0000,0.1094,1,0,0
C:\Users\PC\Desktop\Projects\tapo-orange\captures\clips\2026-04-17-orange-miss-compilation.mp4,230,45.967,2026-04-18 03:03:35,white_black_dotted,white_black_dotted,0.9712,0.0000,1.0000,0.1055,1,0,0
C:\Users\PC\Desktop\Projects\tapo-orange\captures\clips\2026-04-17-orange-miss-compilation.mp4,231,46.167,2026-04-18 03:03:35,white_black_dotted,white_black_dotted,0.9727,0.0000,1.0000,0.1051,1,0,0
C:\Users\PC\Desktop\Projects\tapo-orange\captures\clips\2026-04-17-orange-miss-compilation.mp4,232,46.367,2026-04-18 03:03:35,white_black_dotted,white_black_dotted,0.9761,0.0000,1.0000,0.1089,1,0,0
C:\Users\PC\Desktop\Projects\tapo-orange\captures\clips\2026-04-17-orange-miss-compilation.mp4,233,46.567,2026-04-18 03:03:35,white_black_dotted,white_black_dotted,0.9752,0.0000,1.0000,0.1036,1,0,0
C:\Users\PC\Desktop\Projects\tapo-orange\captures\clips\2026-04-17-orange-miss-compilation.mp4,234,46.767,2026-04-18 03:03:35,white_black_dotted,white_black_dotted,0.9731,0.0000,1.0000,0.1083,1,0,0
C:\Users\PC\Desktop\Projects\tapo-orange\captures\clips\2026-04-17-orange-miss-compilation.mp4,235,46.967,2026-04-18 03:03:36,white_black_dotted,white_black_dotted,0.9763,0.0000,1.0000,0.1015,1,0,0
C:\Users\PC\Desktop\Projects\tapo-orange\captures\clips\2026-04-17-orange-miss-compilation.mp4,236,47.167,2026-04-18 03:03:36,white_black_dotted,white_black_dotted,0.9772,0.0000,1.0000,0.1073,1,0,0
C:\Users\PC\Desktop\Projects\tapo-orange\captures\clips\2026-04-17-orange-miss-compilation.mp4,237,47.367,2026-04-18 03:03:36,white_black_dotted,white_black_dotted,0.9798,0.0000,1.0000,0.1065,1,0,0
C:\Users\PC\Desktop\Projects\tapo-orange\captures\clips\2026-04-17-orange-miss-compilation.mp4,238,47.567,2026-04-18 03:03:36,white_black_dotted,white_black_dotted,0.9840,0.0000,1.0000,0.1063,1,0,0
C:\Users\PC\Desktop\Projects\tapo-orange\captures\clips\2026-04-17-orange-miss-compilation.mp4,239,47.767,2026-04-18 03:03:36,white_black_dotted,white_black_dotted,0.9820,0.0000,1.0000,0.1089,1,0,0
C:\Users\PC\Desktop\Projects\tapo-orange\captures\clips\2026-04-17-orange-miss-compilation.mp4,240,47.967,2026-04-18 03:03:36,white_black_dotted,white_black_dotted,0.9799,0.0000,1.0000,0.1070,1,0,0
C:\Users\PC\Desktop\Projects\tapo-orange\captures\clips\2026-04-17-orange-miss-compilation.mp4,241,48.167,2026-04-18 03:03:36,white_black_dotted,white_black_dotted,0.9809,0.0000,1.0000,0.1070,1,0,0
C:\Users\PC\Desktop\Projects\tapo-orange\captures\clips\2026-04-17-orange-miss-compilation.mp4,242,48.367,2026-04-18 03:03:36,white_black_dotted,white_black_dotted,0.9803,0.0000,1.0000,0.1002,1,0,0
C:\Users\PC\Desktop\Projects\tapo-orange\captures\clips\2026-04-17-orange-miss-compilation.mp4,243,48.567,2026-04-18 03:03:36,white_black_dotted,white_black_dotted,0.9840,0.0000,1.0000,0.1013,1,0,0
C:\Users\PC\Desktop\Projects\tapo-orange\captures\clips\2026-04-17-orange-miss-compilation.mp4,244,48.767,2026-04-18 03:03:36,white_black_dotted,white_black_dotted,0.9810,0.0000,1.0000,0.1073,1,0,0
C:\Users\PC\Desktop\Projects\tapo-orange\captures\clips\2026-04-17-orange-miss-compilation.mp4,245,48.967,2026-04-18 03:03:36,white_black_dotted,white_black_dotted,0.9802,0.0000,1.0000,0.1067,1,0,0
C:\Users\PC\Desktop\Projects\tapo-orange\captures\clips\2026-04-17-orange-miss-compilation.mp4,246,49.167,2026-04-18 03:03:36,white_black_dotted,white_black_dotted,0.9792,0.0000,1.0000,0.1075,1,0,0
C:\Users\PC\Desktop\Projects\tapo-orange\captures\clips\2026-04-17-orange-miss-compilation.mp4,247,49.367,2026-04-18 03:03:36,white_black_dotted,white_black_dotted,0.9791,0.0000,1.0000,0.1073,1,0,0
C:\Users\PC\Desktop\Projects\tapo-orange\captures\clips\2026-04-17-orange-miss-compilation.mp4,248,49.567,2026-04-18 03:03:36,white_black_dotted,white_black_dotted,0.9807,0.0000,1.0000,0.1080,1,0,0
C:\Users\PC\Desktop\Projects\tapo-orange\captures\clips\2026-04-17-orange-miss-compilation.mp4,249,49.767,2026-04-18 03:03:37,white_black_dotted,white_black_dotted,0.9808,0.0000,1.0000,0.1080,1,0,0
C:\Users\PC\Desktop\Projects\tapo-orange\captures\clips\2026-04-17-orange-miss-compilation.mp4,250,49.967,2026-04-18 03:03:37,white_black_dotted,white_black_dotted,0.9778,0.0000,1.0000,0.1115,1,0,0
C:\Users\PC\Desktop\Projects\tapo-orange\captures\clips\2026-04-17-orange-miss-compilation.mp4,251,50.167,2026-04-18 03:03:37,white_black_dotted,white_black_dotted,0.9777,0.0000,1.0000,0.1119,1,0,0
C:\Users\PC\Desktop\Projects\tapo-orange\captures\clips\2026-04-17-orange-miss-compilation.mp4,252,50.367,2026-04-18 03:03:37,white_black_dotted,white_black_dotted,0.9771,0.0000,1.0000,0.1111,1,0,0
C:\Users\PC\Desktop\Projects\tapo-orange\captures\clips\2026-04-17-orange-miss-compilation.mp4,253,50.567,2026-04-18 03:03:37,white_black_dotted,white_black_dotted,0.9878,0.0000,1.0000,0.1024,1,0,0
C:\Users\PC\Desktop\Projects\tapo-orange\captures\clips\2026-04-17-orange-miss-compilation.mp4,254,50.767,2026-04-18 03:03:37,white_black_dotted,white_black_dotted,0.9873,0.0000,1.0000,0.1023,1,0,0
C:\Users\PC\Desktop\Projects\tapo-orange\captures\clips\2026-04-17-orange-miss-compilation.mp4,255,50.967,2026-04-18 03:03:37,unknown,white_black_dotted,0.1208,0.0000,1.0000,0.0966,1,0,0
C:\Users\PC\Desktop\Projects\tapo-orange\captures\clips\2026-04-17-orange-miss-compilation.mp4,256,51.167,2026-04-18 03:03:37,unknown,white_black_dotted,0.1212,0.0000,1.0000,0.0964,1,0,0
C:\Users\PC\Desktop\Projects\tapo-orange\captures\clips\2026-04-17-orange-miss-compilation.mp4,257,51.367,2026-04-18 03:03:37,white_black_dotted,white_black_dotted,0.9837,0.0000,1.0000,0.1024,1,0,0
C:\Users\PC\Desktop\Projects\tapo-orange\captures\clips\2026-04-17-orange-miss-compilation.mp4,258,51.567,2026-04-18 03:03:37,white_black_dotted,white_black_dotted,0.9835,0.0000,1.0000,0.1024,1,0,0
C:\Users\PC\Desktop\Projects\tapo-orange\captures\clips\2026-04-17-orange-miss-compilation.mp4,259,51.767,2026-04-18 03:03:37,white_black_dotted,white_black_dotted,0.9837,0.0000,1.0000,0.1024,1,0,0
C:\Users\PC\Desktop\Projects\tapo-orange\captures\clips\2026-04-17-orange-miss-compilation.mp4,260,51.967,2026-04-18 03:03:37,white_black_dotted,white_black_dotted,0.9834,0.0000,1.0000,0.1021,1,0,0
C:\Users\PC\Desktop\Projects\tapo-orange\captures\clips\2026-04-17-orange-miss-compilation.mp4,261,52.167,2026-04-18 03:03:37,unknown,white_black_dotted,0.1316,0.0000,1.0000,0.0968,1,0,0
C:\Users\PC\Desktop\Projects\tapo-orange\captures\clips\2026-04-17-orange-miss-compilation.mp4,262,52.367,2026-04-18 03:03:37,unknown,white_black_dotted,0.1396,0.0000,1.0000,0.0943,1,0,0
C:\Users\PC\Desktop\Projects\tapo-orange\captures\clips\2026-04-17-orange-miss-compilation.mp4,263,52.567,2026-04-18 03:03:37,unknown,white_black_dotted,0.1438,0.0000,1.0000,0.0943,1,0,0
C:\Users\PC\Desktop\Projects\tapo-orange\captures\clips\2026-04-17-orange-miss-compilation.mp4,264,52.767,2026-04-18 03:03:38,unknown,white_black_dotted,0.1374,0.0000,1.0000,0.0909,1,0,0
C:\Users\PC\Desktop\Projects\tapo-orange\captures\clips\2026-04-17-orange-miss-compilation.mp4,265,52.967,2026-04-18 03:03:38,unknown,white_black_dotted,0.1363,0.0000,1.0000,0.0941,1,0,0
C:\Users\PC\Desktop\Projects\tapo-orange\captures\clips\2026-04-17-orange-miss-compilation.mp4,266,53.167,2026-04-18 03:03:38,unknown,white_black_dotted,0.1381,0.0000,1.0000,0.0939,1,0,0
C:\Users\PC\Desktop\Projects\tapo-orange\captures\clips\2026-04-17-orange-miss-compilation.mp4,267,53.367,2026-04-18 03:03:38,unknown,white_black_dotted,0.1386,0.0000,1.0000,0.0943,1,0,0
C:\Users\PC\Desktop\Projects\tapo-orange\captures\clips\2026-04-17-orange-miss-compilation.mp4,268,53.567,2026-04-18 03:03:38,unknown,white_black_dotted,0.1408,0.0000,1.0000,0.0926,1,0,0
C:\Users\PC\Desktop\Projects\tapo-orange\captures\clips\2026-04-17-orange-miss-compilation.mp4,269,53.767,2026-04-18 03:03:38,unknown,white_black_dotted,0.1408,0.0000,1.0000,0.0928,1,0,0
C:\Users\PC\Desktop\Projects\tapo-orange\captures\clips\2026-04-17-orange-miss-compilation.mp4,270,53.967,2026-04-18 03:03:38,unknown,white_black_dotted,0.1482,0.0000,1.0000,0.0960,1,0,0
C:\Users\PC\Desktop\Projects\tapo-orange\captures\clips\2026-04-17-orange-miss-compilation.mp4,271,54.167,2026-04-18 03:03:38,unknown,white_black_dotted,0.1466,0.0000,1.0000,0.0941,1,0,0
